eps,h,A,phi_max,phi_min,phi_mean,regime_code
1.5,0.515,8591071407.532179,4010873934.8185782,-4580197472.7136,-19837363.47773853,-1
1.5,0.53,8372035434.558556,3908326357.8029737,-4463709076.755582,-19339864.22274568,-1
1.5,0.533,8329569143.856345,3884621892.7086935,-4444947251.147652,-19305749.034119334,-1
1.5,0.54,8226622507.396908,3827722501.000264,-4398900006.396644,-19213848.546528053,-1
1.5,0.545,8163503393.62846,3791888051.8182435,-4371615341.810217,-19173013.573209427,-1
1.5,0.555,8189793912.996233,3859492571.5395465,-4330301341.456686,-18266753.653282426,-1
2.0,0.515,23.790735297682012,12.111217963927286,-11.679517333754724,0.3260672370918617,2
2.0,0.53,22.85627952285374,11.868092835649877,-10.98818668720386,0.4357195220491568,2
2.0,0.533,23.601655958174245,12.250657472731891,-11.350998485442354,0.4227608558532041,2
2.0,0.54,23.265803043719227,12.047966014605056,-11.217837029114172,0.42988287175128675,2
2.0,0.545,22.24965909280892,11.437097372810332,-10.812561719998586,0.4528537211427203,2
2.0,0.555,22.67722193624637,11.769313290805464,-10.907908645440905,0.40332915104368017,2
2.5,0.515,15.321441347045841,8.033593294165088,-7.287848052880753,0.408592890238713,2
2.5,0.53,13.808136245631676,7.305642653079121,-6.502493592552555,0.4127632523772628,2
2.5,0.533,13.876390380663672,7.268869438713975,-6.607520941949696,0.39040525496217077,2
2.5,0.54,14.245632076168015,7.4411214533452315,-6.804510622822783,0.4040618719234762,2
2.5,0.545,14.15588269010844,7.409848773009347,-6.746033917099092,0.3789332253139367,2
2.5,0.555,13.483092169829105,7.041680939756047,-6.441411230073058,0.4030600894624428,2
2.8,0.515,10.471890140387575,5.68955871567252,-4.782331424715054,0.4248705930149904,2
2.8,0.53,10.44224625873988,5.685184079406058,-4.757062179333822,0.43992369099978385,2
2.8,0.533,11.10053574152937,6.003731798176062,-5.096803943353309,0.4500521307102325,2
2.8,0.54,10.389597030830387,5.660115691311691,-4.729481339518696,0.4368776725921585,2
2.8,0.545,11.391189409384424,6.077372631572967,-5.313816777811456,0.3809973635168965,2
2.8,0.555,11.043263931182445,5.9354760138747125,-5.107787917307733,0.47265946153731586,2
3.0,0.515,8.774963824096075,4.73533287499642,-4.039630949099655,0.42155865527208736,2
3.0,0.53,7.681273990363271,4.030290116551812,-3.65098387381146,0.45082349310015385,2
3.0,0.533,7.790535193244878,4.038177774351459,-3.75235741889342,0.43676495940375387,2
3.0,0.54,7.6585684928562365,4.0290784463393745,-3.629490046516862,0.45001041915674433,2
3.0,0.545,7.642673785636932,4.027991862905634,-3.6146819227312976,0.45391103005669037,2
3.0,0.555,7.6174940828197055,4.0280753598380565,-3.5894187229816494,0.46670505876978646,2
3.2,0.515,7.468543290077006,4.01300817069891,-3.455535119378096,0.5081624702614626,2
3.2,0.53,7.42378793731814,4.011969601768455,-3.4118183355496856,0.5232356484063911,2
3.2,0.533,7.414546009163127,4.012044057425045,-3.402501951738082,0.5263033993593932,2
3.2,0.54,7.392913656481683,4.011606206711785,-3.3813074497698987,0.5334315553936451,2
3.2,0.545,7.376490850648333,4.011103846672524,-3.3653870039758087,0.5385184775596359,2
3.2,0.555,7.325797057813158,4.010617778908516,-3.3151792789046426,0.5539909024689001,2
3.5,0.515,7.12757414692847,3.992101853538314,-3.135472293390156,0.4788025072405226,2
3.5,0.53,7.055954303739064,3.9914784846913007,-3.0644758190477637,0.486904291647697,2
3.5,0.533,7.042622099422459,3.990782546782944,-3.0518395526395157,0.48813545345523635,2
3.5,0.54,7.025630573189778,3.9897810095619337,-3.0358495636278438,0.5040385914167543,2
3.5,0.545,7.00311238864624,3.9889018183969602,-3.0142105702492796,0.5161772403658156,2
3.5,0.555,6.961063955103219,3.987155205437177,-2.9739087496660415,0.5259603272094306,2
4.0,0.515,0.05704157681465849,0.485354792380524,0.4283132155658655,0.46429837668910245,0
4.0,0.53,0.057658137024450384,0.4999446138569462,0.44228647683249583,0.4786468760267295,0
4.0,0.533,0.058086741958507826,0.5027748075750381,0.4446880656165303,0.48132885723569646,0
4.0,0.54,0.05848475644542678,0.5095120362862495,0.45102727984082275,0.4879116130379635,0
4.0,0.545,0.05861736931531569,0.5144438881719585,0.4558265188566428,0.49279501350757765,0
4.0,0.555,0.0588525716424792,0.5243204658458138,0.4654678942033346,0.5025849703134916,0
4.5,0.515,0.06497090873844386,0.48067280827285924,0.4157018995344154,0.456609691955271,0
4.5,0.53,0.06561247904224177,0.49519656093840503,0.42958408189616326,0.47087422477475055,0
4.5,0.533,0.06569205587812543,0.4981530546122472,0.43246099873412175,0.4738010835829314,0
4.5,0.54,0.06598785203209251,0.505022004459949,0.43903415242785654,0.4805659803091694,0
4.5,0.545,0.06612669823123629,0.5099494263613379,0.4438227281301016,0.48544230018133944,0
4.5,0.555,0.06639821214556502,0.5198066227115073,0.45340841056594233,0.4951993450093322,0
5.0,0.515,0.07330664997949798,0.47600232563804695,0.40269567565854897,0.4488222316950781,0
5.0,0.53,0.0738456854810236,0.49052331328981164,0.41667762780878803,0.46311601987650847,0
5.0,0.533,0.0739382198683261,0.49346984437383046,0.41953162450550435,0.4660277346271683,0
5.0,0.54,0.0741487503859855,0.500355510721931,0.42620676033594546,0.4728351841126073,0
5.0,0.545,0.07456656694015595,0.50492855310633,0.43036198616617405,0.47722227300891124,0
5.0,0.555,0.07489608460934949,0.5147384989275666,0.43984241431821713,0.48690805465007786,0
6.0,0.515,0.08863495507191155,0.4657667932624199,0.37713183819050833,0.4326067782554831,0
6.0,0.53,0.08920676623063001,0.4804599113097241,0.3912531450790941,0.4470879619875985,0
6.0,0.533,0.08932205631512108,0.48339796429287024,0.39407590797774916,0.44998327242243225,0
6.0,0.54,0.08959238181681412,0.490252607321339,0.4006602255045249,0.4567376780352305,0
6.0,0.545,0.08978666035183747,0.4951480406642091,0.4053613803123716,0.4615610563561706,0
6.0,0.555,0.09017842854534047,0.504936877915802,0.4147584493704615,0.4712045456477451,0
